review_id,classification,file,source_location,canonical_field,original_value,prior_normalized_value,domain_destination,current_domain_value,reason,source_sufficient,deterministic_auto_resolution,genuine_user_need,current_disposition
1,EXPECTED_MISSING_SOURCE,08-DDR OEOC-208 AZNS-207 2024-Oct-22.xlsx,"{""file"": ""08-DDR OEOC-208 AZNS-207 2024-Oct-22.xlsx"", ""sheet"": ""DDR Remark"", ""row"": 6, ""column"": 43, ""cell"": ""AQ6""}",well_info.water_depth,"""-""",null,Well.water_depth,null,"Dash in anchored water-depth cell denotes unavailable source, not adjacent casing depth.",No: value/required disambiguation absent,"No: do not invent source measurements, roles or identities",Only if operationally required; optional absence may be acknowledged,RETAINED
2,UNSUPPORTED_SOURCE_FEATURE,08-DDR OEOC-208 AZNS-207 2024-Oct-22.xlsx,"{""file"": ""08-DDR OEOC-208 AZNS-207 2024-Oct-22.xlsx"", ""sheet"": ""DDR Remark"", ""row"": 9, ""column"": 35, ""cell"": ""AI9""}",well_info.latitude,"""3,441,012 N""",null,Well.latitude,null,"Coordinate magnitude and N suffix resemble projected northing, not geographic latitude; CRS/zone/datum are absent.",No: value/required disambiguation absent,"No: do not invent source measurements, roles or identities",Supported CRS/product taxonomy or documented vendor specification is required; no arbitrary choice among current options,RETAINED
3,UNSUPPORTED_SOURCE_FEATURE,08-DDR OEOC-208 AZNS-207 2024-Oct-22.xlsx,"{""file"": ""08-DDR OEOC-208 AZNS-207 2024-Oct-22.xlsx"", ""sheet"": ""DDR Remark"", ""row"": 10, ""column"": 35, ""cell"": ""AI10""}",well_info.longitude,"""192,581 E""",null,Well.longitude,null,"Coordinate magnitude and E suffix resemble projected easting, not geographic longitude; CRS/zone/datum are absent.",No: value/required disambiguation absent,"No: do not invent source measurements, roles or identities",Supported CRS/product taxonomy or documented vendor specification is required; no arbitrary choice among current options,RETAINED
4,EXPECTED_MISSING_SOURCE,08-DDR OEOC-208 AZNS-207 2024-Oct-22.xlsx,"{""file"": ""08-DDR OEOC-208 AZNS-207 2024-Oct-22.xlsx"", ""sheet"": ""DDR Remark"", ""row"": 13, ""column"": 35, ""cell"": ""AI13""}",well_info.kop1,"""-""",null,Well.kop1,null,Anchored source field is blank or a missing-value marker; no supported source value can be reconstructed.,No: value/required disambiguation absent,"No: do not invent source measurements, roles or identities",Only if operationally required; optional absence may be acknowledged,RETAINED
5,EXPECTED_MISSING_SOURCE,08-DDR OEOC-208 AZNS-207 2024-Oct-22.xlsx,"{""file"": ""08-DDR OEOC-208 AZNS-207 2024-Oct-22.xlsx"", ""sheet"": ""DDR Remark"", ""row"": 14, ""column"": 35, ""cell"": ""AI14""}",well_info.kop2,"""-""",null,Well.kop2,null,Anchored source field is blank or a missing-value marker; no supported source value can be reconstructed.,No: value/required disambiguation absent,"No: do not invent source measurements, roles or identities",Only if operationally required; optional absence may be acknowledged,RETAINED
6,EXPECTED_MISSING_SOURCE,08-DDR OEOC-208 AZNS-207 2024-Oct-22.xlsx,"{""file"": ""08-DDR OEOC-208 AZNS-207 2024-Oct-22.xlsx"", ""sheet"": ""DDR Remark"", ""row"": 83, ""column"": 1, ""cell"": ""A83""}",daily_report.note_03,null,null,AuditLog.details.source.daily_report.note_03 (no dedicated scalar model field),null,Anchored source field is blank or a missing-value marker; no supported source value can be reconstructed.,No: value/required disambiguation absent,"No: do not invent source measurements, roles or identities",Only if operationally required; optional absence may be acknowledged,RETAINED
7,EXPECTED_MISSING_SOURCE,08-DDR OEOC-208 AZNS-207 2024-Oct-22.xlsx,"{""file"": ""08-DDR OEOC-208 AZNS-207 2024-Oct-22.xlsx"", ""sheet"": ""DDR Remark"", ""row"": 84, ""column"": 1, ""cell"": ""A84""}",daily_report.note_04,null,null,AuditLog.details.source.daily_report.note_04 (no dedicated scalar model field),null,Anchored source field is blank or a missing-value marker; no supported source value can be reconstructed.,No: value/required disambiguation absent,"No: do not invent source measurements, roles or identities",Only if operationally required; optional absence may be acknowledged,RETAINED
8,EXPECTED_MISSING_SOURCE,08-DDR OEOC-208 AZNS-207 2024-Oct-22.xlsx,"{""file"": ""08-DDR OEOC-208 AZNS-207 2024-Oct-22.xlsx"", ""sheet"": ""DDR Remark"", ""row"": 85, ""column"": 1, ""cell"": ""A85""}",daily_report.note_05,null,null,AuditLog.details.source.daily_report.note_05 (no dedicated scalar model field),null,Anchored source field is blank or a missing-value marker; no supported source value can be reconstructed.,No: value/required disambiguation absent,"No: do not invent source measurements, roles or identities",Only if operationally required; optional absence may be acknowledged,RETAINED
9,EXPECTED_MISSING_SOURCE,08-DDR OEOC-208 AZNS-207 2024-Oct-22.xlsx,"{""file"": ""08-DDR OEOC-208 AZNS-207 2024-Oct-22.xlsx"", ""sheet"": ""DDR Remark"", ""row"": 86, ""column"": 1, ""cell"": ""A86""}",daily_report.note_06,null,null,AuditLog.details.source.daily_report.note_06 (no dedicated scalar model field),null,Anchored source field is blank or a missing-value marker; no supported source value can be reconstructed.,No: value/required disambiguation absent,"No: do not invent source measurements, roles or identities",Only if operationally required; optional absence may be acknowledged,RETAINED
10,EXPECTED_MISSING_SOURCE,08-DDR OEOC-208 AZNS-207 2024-Oct-22.xlsx,"{""file"": ""08-DDR OEOC-208 AZNS-207 2024-Oct-22.xlsx"", ""sheet"": ""DDR Remark"", ""row"": 87, ""column"": 1, ""cell"": ""A87""}",daily_report.note_07,null,null,AuditLog.details.source.daily_report.note_07 (no dedicated scalar model field),null,Anchored source field is blank or a missing-value marker; no supported source value can be reconstructed.,No: value/required disambiguation absent,"No: do not invent source measurements, roles or identities",Only if operationally required; optional absence may be acknowledged,RETAINED
11,EXPECTED_MISSING_SOURCE,08-DDR OEOC-208 AZNS-207 2024-Oct-22.xlsx,"{""file"": ""08-DDR OEOC-208 AZNS-207 2024-Oct-22.xlsx"", ""sheet"": ""DDR Data"", ""row"": 14, ""column"": 5, ""cell"": ""E14""}",drilling_params.bit_serial,null,null,AuditLog.details.source.drilling_params.bit_serial (no dedicated scalar model field),null,Anchored source field is blank or a missing-value marker; no supported source value can be reconstructed.,No: value/required disambiguation absent,"No: do not invent source measurements, roles or identities",Only if operationally required; optional absence may be acknowledged,RETAINED
12,EXPECTED_MISSING_SOURCE,08-DDR OEOC-208 AZNS-207 2024-Oct-22.xlsx,"{""file"": ""08-DDR OEOC-208 AZNS-207 2024-Oct-22.xlsx"", ""sheet"": ""DDR Data"", ""row"": 32, ""column"": 5, ""cell"": ""E32""}",drilling_params.bit_dull_condition,null,null,AuditLog.details.source.drilling_params.bit_dull_condition (no dedicated scalar model field),null,Anchored source field is blank or a missing-value marker; no supported source value can be reconstructed.,No: value/required disambiguation absent,"No: do not invent source measurements, roles or identities",Only if operationally required; optional absence may be acknowledged,RETAINED
13,MAPPING_DEFECT,08-DDR OEOC-208 AZNS-207 2024-Oct-22.xlsx,"{""file"": ""08-DDR OEOC-208 AZNS-207 2024-Oct-22.xlsx"", ""sheet"": ""DDR Data"", ""row"": 9, ""column"": 12, ""cell"": ""L9""}",mud_report.mw,71,null,MudReport.mw,"{""value"": 71, ""unit"": ""PCF""}",71 is accompanied by explicit PCF unit. Previously template ppg hint created an unnecessary unit review; source evidence now resolves 71 PCF.,Yes for correcting extraction/mapping; not for inventing absent measurements,Yes: implemented structural/unit fix,No,RESOLVED: 71 PCF; lineage retained
14,VALID_REVIEW_REQUIRED,08-DDR OEOC-208 AZNS-207 2024-Oct-22.xlsx,"{""file"": ""08-DDR OEOC-208 AZNS-207 2024-Oct-22.xlsx"", ""sheet"": ""DDR Data"", ""row"": 16, ""column"": 12, ""cell"": ""L16""}",mud_report.fl,"""N.C""",null,MudReport.fl,null,N.C is a source non-measurement marker; no numeric filtration-loss reading can be reconstructed.,No: value/required disambiguation absent,"No: do not invent source measurements, roles or identities",Yes: verify/correct missing or ambiguous source for operational use,RETAINED
15,EXPECTED_MISSING_SOURCE,08-DDR OEOC-208 AZNS-207 2024-Oct-22.xlsx,"{""file"": ""08-DDR OEOC-208 AZNS-207 2024-Oct-22.xlsx"", ""sheet"": ""DDR Data"", ""row"": 18, ""column"": 12, ""cell"": ""L18""}",mud_report.cake_thickness,null,null,MudReport.cake_thickness,null,Anchored source field is blank or a missing-value marker; no supported source value can be reconstructed.,No: value/required disambiguation absent,"No: do not invent source measurements, roles or identities",Only if operationally required; optional absence may be acknowledged,RETAINED
16,VALID_REVIEW_REQUIRED,08-DDR OEOC-208 AZNS-207 2024-Oct-22.xlsx,"{""file"": ""08-DDR OEOC-208 AZNS-207 2024-Oct-22.xlsx"", ""sheet"": ""DDR Data"", ""row"": 21, ""column"": 12, ""cell"": ""L21""}",mud_report.oil_percent,"""5""",null,MudReport.oil_percent,"{""oil_percent"": null, ""water_percent"": null}",Combined Oil/Water label contains one magnitude 5; neither the denominator nor which phase it denotes is specified.,No: value/required disambiguation absent,"No: do not invent source measurements, roles or identities",Yes: verify/correct missing or ambiguous source for operational use,RETAINED
17,EXPECTED_MISSING_SOURCE,08-DDR OEOC-208 AZNS-207 2024-Oct-22.xlsx,"{""file"": ""08-DDR OEOC-208 AZNS-207 2024-Oct-22.xlsx"", ""sheet"": ""DDR Data"", ""row"": 22, ""column"": 12, ""cell"": ""L22""}",mud_report.kcl,null,null,MudReport.kcl,null,Anchored source field is blank or a missing-value marker; no supported source value can be reconstructed.,No: value/required disambiguation absent,"No: do not invent source measurements, roles or identities",Only if operationally required; optional absence may be acknowledged,RETAINED
18,EXPECTED_MISSING_SOURCE,08-DDR OEOC-208 AZNS-207 2024-Oct-22.xlsx,"{""file"": ""08-DDR OEOC-208 AZNS-207 2024-Oct-22.xlsx"", ""sheet"": ""DDR Data"", ""row"": 24, ""column"": 12, ""cell"": ""L24""}",mud_report.flowline_temp,null,null,MudReport.flowline_temp,null,Anchored source field is blank or a missing-value marker; no supported source value can be reconstructed.,No: value/required disambiguation absent,"No: do not invent source measurements, roles or identities",Only if operationally required; optional absence may be acknowledged,RETAINED
19,EXPECTED_MISSING_SOURCE,08-DDR OEOC-208 AZNS-207 2024-Oct-22.xlsx,"{""file"": ""08-DDR OEOC-208 AZNS-207 2024-Oct-22.xlsx"", ""sheet"": ""DDR Data"", ""row"": 25, ""column"": 12, ""cell"": ""L25""}",mud_report.pf_mf,null,null,MudReport.pf_mf,null,Anchored source field is blank or a missing-value marker; no supported source value can be reconstructed.,No: value/required disambiguation absent,"No: do not invent source measurements, roles or identities",Only if operationally required; optional absence may be acknowledged,RETAINED
20,EXPECTED_MISSING_SOURCE,08-DDR OEOC-208 AZNS-207 2024-Oct-22.xlsx,"{""file"": ""08-DDR OEOC-208 AZNS-207 2024-Oct-22.xlsx"", ""sheet"": ""DDR Data"", ""row"": 27, ""column"": 12, ""cell"": ""L27""}",mud_report.mbt,null,null,MudReport.mbt,null,Anchored source field is blank or a missing-value marker; no supported source value can be reconstructed.,No: value/required disambiguation absent,"No: do not invent source measurements, roles or identities",Only if operationally required; optional absence may be acknowledged,RETAINED
21,EXPECTED_MISSING_SOURCE,08-DDR OEOC-208 AZNS-207 2024-Oct-22.xlsx,"{""file"": ""08-DDR OEOC-208 AZNS-207 2024-Oct-22.xlsx"", ""sheet"": ""DDR Data"", ""row"": 36, ""column"": 12, ""cell"": ""L36""}",daily_report.mud_lost_downhole,null,null,MudReport.loss_downhole,null,Anchored source field is blank or a missing-value marker; no supported source value can be reconstructed.,No: value/required disambiguation absent,"No: do not invent source measurements, roles or identities",Only if operationally required; optional absence may be acknowledged,RETAINED
22,EXPECTED_MISSING_SOURCE,08-DDR OEOC-208 AZNS-207 2024-Oct-22.xlsx,"{""file"": ""08-DDR OEOC-208 AZNS-207 2024-Oct-22.xlsx"", ""sheet"": ""DDR Data"", ""row"": 43, ""column"": 12, ""cell"": ""L43""}",daily_report.reserve4_vol,null,null,MudReport.pit_volumes_json / import AuditLog (no supplied pit reading),null,Anchored source field is blank or a missing-value marker; no supported source value can be reconstructed.,No: value/required disambiguation absent,"No: do not invent source measurements, roles or identities",Only if operationally required; optional absence may be acknowledged,RETAINED
23,EXPECTED_MISSING_SOURCE,08-DDR OEOC-208 AZNS-207 2024-Oct-22.xlsx,"{""file"": ""08-DDR OEOC-208 AZNS-207 2024-Oct-22.xlsx"", ""sheet"": ""DDR Data"", ""row"": 45, ""column"": 12, ""cell"": ""L45""}",daily_report.desilter_vol,null,null,MudReport.pit_volumes_json / import AuditLog (no supplied pit reading),null,Anchored source field is blank or a missing-value marker; no supported source value can be reconstructed.,No: value/required disambiguation absent,"No: do not invent source measurements, roles or identities",Only if operationally required; optional absence may be acknowledged,RETAINED
24,EXPECTED_MISSING_SOURCE,08-DDR OEOC-208 AZNS-207 2024-Oct-22.xlsx,"{""file"": ""08-DDR OEOC-208 AZNS-207 2024-Oct-22.xlsx"", ""sheet"": ""DDR Data"", ""row"": 72, ""column"": 9, ""cell"": ""I72""}",bulk_material.blend_cmt,null,null,AuditLog.details.source.bulk_material.blend_cmt (no dedicated scalar model field),null,Anchored source field is blank or a missing-value marker; no supported source value can be reconstructed.,No: value/required disambiguation absent,"No: do not invent source measurements, roles or identities",Only if operationally required; optional absence may be acknowledged,RETAINED
25,IMPORTER_DEFECT,08-DDR OEOC-208 AZNS-207 2024-Oct-22.xlsx,"{""file"": ""08-DDR OEOC-208 AZNS-207 2024-Oct-22.xlsx"", ""sheet"": ""DDR Data"", ""row"": 70, ""column"": 11, ""cell"": ""K70""}",safety.wind_speed,""" Wind Speed (Km/h)""",null,AuditLog.details.source.safety.wind_speed (no dedicated scalar model field),null,Nearby Wind Speed label was consumed as a value. Label boundary fixed; actual numeric weather reading remains absent.,Yes for correcting extraction/mapping; not for inventing absent measurements,Yes: implemented structural/unit fix,No for the defect; weather measurements still legitimately missing,"REPLACED by EXPECTED_MISSING_SOURCE review, not suppressed"
26,IMPORTER_DEFECT,08-DDR OEOC-208 AZNS-207 2024-Oct-22.xlsx,"{""file"": ""08-DDR OEOC-208 AZNS-207 2024-Oct-22.xlsx"", ""sheet"": ""DDR Data"", ""row"": 72, ""column"": 11, ""cell"": ""K72""}",safety.temperature,""" TEMP(°C)""",null,AuditLog.details.source.safety.temperature (no dedicated scalar model field),null,Nearby Temperature label was consumed as a value. Label boundary fixed; actual numeric weather reading remains absent.,Yes for correcting extraction/mapping; not for inventing absent measurements,Yes: implemented structural/unit fix,No for the defect; weather measurements still legitimately missing,"REPLACED by EXPECTED_MISSING_SOURCE review, not suppressed"
27,IMPORTER_DEFECT,08-DDR OEOC-208 AZNS-207 2024-Oct-22.xlsx,"{""file"": ""08-DDR OEOC-208 AZNS-207 2024-Oct-22.xlsx"", ""sheet"": ""DDR Data"", ""row"": 73, ""column"": 11, ""cell"": ""K73""}",safety.visibility,""" Visibility (km)""",null,AuditLog.details.source.safety.visibility (no dedicated scalar model field),null,Nearby Visibility label was consumed as a value. Label boundary fixed; actual numeric weather reading remains absent.,Yes for correcting extraction/mapping; not for inventing absent measurements,Yes: implemented structural/unit fix,No for the defect; weather measurements still legitimately missing,"REPLACED by EXPECTED_MISSING_SOURCE review, not suppressed"
28,EXPECTED_MISSING_SOURCE,08-DDR OEOC-208 AZNS-207 2024-Oct-22.xlsx,"{""file"": ""08-DDR OEOC-208 AZNS-207 2024-Oct-22.xlsx"", ""sheet"": ""DDR Data"", ""row"": 76, ""column"": 13, ""cell"": ""M76""}",safety.last_fire_drill,null,null,SafetyReport.last_fire_drill,null,Anchored source field is blank or a missing-value marker; no supported source value can be reconstructed.,No: value/required disambiguation absent,"No: do not invent source measurements, roles or identities",Only if operationally required; optional absence may be acknowledged,RETAINED
29,EXPECTED_MISSING_SOURCE,08-DDR OEOC-208 AZNS-207 2024-Oct-22.xlsx,"{""file"": ""08-DDR OEOC-208 AZNS-207 2024-Oct-22.xlsx"", ""sheet"": ""DDR Data"", ""row"": 77, ""column"": 13, ""cell"": ""M77""}",safety.last_h2s_drill,null,null,SafetyReport.last_h2s_drill,null,Anchored source field is blank or a missing-value marker; no supported source value can be reconstructed.,No: value/required disambiguation absent,"No: do not invent source measurements, roles or identities",Only if operationally required; optional absence may be acknowledged,RETAINED
30,EXPECTED_MISSING_SOURCE,08-DDR OEOC-208 AZNS-207 2024-Oct-22.xlsx,"{""file"": ""08-DDR OEOC-208 AZNS-207 2024-Oct-22.xlsx"", ""sheet"": ""DDR Data"", ""row"": 78, ""column"": 13, ""cell"": ""M78""}",safety.last_bop_drill,null,null,SafetyReport.last_bop_drill,null,Anchored source field is blank or a missing-value marker; no supported source value can be reconstructed.,No: value/required disambiguation absent,"No: do not invent source measurements, roles or identities",Only if operationally required; optional absence may be acknowledged,RETAINED
31,VALID_REVIEW_REQUIRED,08-DDR OEOC-208 AZNS-207 2024-Oct-22.xlsx,"{""file"": ""/home/user/Drill-master/08-DDR OEOC-208 AZNS-207 2024-Oct-22.xlsx"", ""sheet"": ""DDR Remark"", ""row"": 25, ""cells"": {""time_log.time_from"": ""R25C1"", ""time_log.time_to"": ""R25C3"", ""time_log.duration"": ""R25C5"", ""time_log.main_phase"": ""R25C7"", ""time_log.main_code"": ""R25C9"", ""time_log.sub_code"": ""R25C11"", ""time_log.status"": ""R25C13"", ""time_log.npt_category"": ""R25C16"", ""time_log.activity_description"": ""R25C19""}, ""table"": ""time_logs_24h"", ""cell"": ""R25C1; R25C3; R25C5; R25C7; R25C9; R25C11; R25C13; R25C16; R25C19""}",time_log.time_from/time_to,"{""time_from"": null, ""time_to"": null}","{""time_from"": null, ""time_to"": null}",AuditLog source/reviews; no invented TimeLog24H/TimeLogMorning interval,null,Narrative/time row has no independent from/to anchor. Do not borrow adjacent intervals or manufacture duration.,No: value/required disambiguation absent,"No: do not invent source measurements, roles or identities",Yes: verify/correct missing or ambiguous source for operational use,RETAINED
32,VALID_REVIEW_REQUIRED,08-DDR OEOC-208 AZNS-207 2024-Oct-22.xlsx,"{""file"": ""/home/user/Drill-master/08-DDR OEOC-208 AZNS-207 2024-Oct-22.xlsx"", ""sheet"": ""DDR Remark"", ""row"": 28, ""cells"": {""time_log.time_from"": ""R28C1"", ""time_log.time_to"": ""R28C3"", ""time_log.duration"": ""R28C5"", ""time_log.main_phase"": ""R28C7"", ""time_log.main_code"": ""R28C9"", ""time_log.sub_code"": ""R28C11"", ""time_log.status"": ""R28C13"", ""time_log.npt_category"": ""R28C16"", ""time_log.activity_description"": ""R28C19""}, ""table"": ""time_logs_24h"", ""cell"": ""R28C1; R28C3; R28C5; R28C7; R28C9; R28C11; R28C13; R28C16; R28C19""}",time_log.time_from/time_to,"{""time_from"": null, ""time_to"": null}","{""time_from"": null, ""time_to"": null}",AuditLog source/reviews; no invented TimeLog24H/TimeLogMorning interval,null,Narrative/time row has no independent from/to anchor. Do not borrow adjacent intervals or manufacture duration.,No: value/required disambiguation absent,"No: do not invent source measurements, roles or identities",Yes: verify/correct missing or ambiguous source for operational use,RETAINED
33,VALID_REVIEW_REQUIRED,08-DDR OEOC-208 AZNS-207 2024-Oct-22.xlsx,"{""file"": ""/home/user/Drill-master/08-DDR OEOC-208 AZNS-207 2024-Oct-22.xlsx"", ""sheet"": ""DDR Remark"", ""row"": 33, ""cells"": {""time_log.time_from"": ""R33C1"", ""time_log.time_to"": ""R33C3"", ""time_log.duration"": ""R33C5"", ""time_log.main_phase"": ""R33C7"", ""time_log.main_code"": ""R33C9"", ""time_log.sub_code"": ""R33C11"", ""time_log.status"": ""R33C13"", ""time_log.npt_category"": ""R33C16"", ""time_log.activity_description"": ""R33C19""}, ""table"": ""time_logs_24h"", ""cell"": ""R33C1; R33C3; R33C5; R33C7; R33C9; R33C11; R33C13; R33C16; R33C19""}",time_log.time_from/time_to,"{""time_from"": null, ""time_to"": null}","{""time_from"": null, ""time_to"": null}",AuditLog source/reviews; no invented TimeLog24H/TimeLogMorning interval,null,Narrative/time row has no independent from/to anchor. Do not borrow adjacent intervals or manufacture duration.,No: value/required disambiguation absent,"No: do not invent source measurements, roles or identities",Yes: verify/correct missing or ambiguous source for operational use,RETAINED
34,VALID_REVIEW_REQUIRED,08-DDR OEOC-208 AZNS-207 2024-Oct-22.xlsx,"{""file"": ""/home/user/Drill-master/08-DDR OEOC-208 AZNS-207 2024-Oct-22.xlsx"", ""sheet"": ""DDR Remark"", ""row"": 71, ""cells"": {""time_log_morning.time_from"": ""R71C1"", ""time_log_morning.time_to"": ""R71C3"", ""time_log_morning.duration"": ""R71C5"", ""time_log_morning.main_phase"": ""R71C7"", ""time_log_morning.main_code"": ""R71C9"", ""time_log_morning.sub_code"": ""R71C11"", ""time_log_morning.status"": ""R71C13"", ""time_log_morning.activity_description"": ""R71C19""}, ""table"": ""time_logs_morning"", ""cell"": ""R71C1; R71C3; R71C5; R71C7; R71C9; R71C11; R71C13; R71C19""}",time_log_morning.time_from/time_to,"{""time_from"": null, ""time_to"": null, ""description"": ""Drlg. Parameters: WOB: 20-30klb, Rot:100 RPM, TQ: 2-4 Klb.ft, F.R: 900 GPM, SPP: 600psi, ROP: 15-20 MPH""}","{""time_from"": null, ""time_to"": null}",AuditLog source/reviews; no invented TimeLog24H/TimeLogMorning interval,null,"Genuine drilling-parameters continuation text has no independent time anchor; retain narrative/review, do not invent a time interval.",No: value/required disambiguation absent,"No: do not invent source measurements, roles or identities",Yes: verify/correct missing or ambiguous source for operational use,RETAINED
35,IMPORTER_DEFECT,08-DDR OEOC-208 AZNS-207 2024-Oct-22.xlsx,"{""file"": ""/home/user/Drill-master/08-DDR OEOC-208 AZNS-207 2024-Oct-22.xlsx"", ""sheet"": ""DDR Remark"", ""row"": 76, ""cells"": {""time_log_morning.time_from"": ""R76C1"", ""time_log_morning.time_to"": ""R76C3"", ""time_log_morning.duration"": ""R76C5"", ""time_log_morning.main_phase"": ""R76C7"", ""time_log_morning.main_code"": ""R76C9"", ""time_log_morning.sub_code"": ""R76C11"", ""time_log_morning.status"": ""R76C13"", ""time_log_morning.activity_description"": ""R76C19""}, ""table"": ""time_logs_morning"", ""cell"": ""R76C1; R76C3; R76C5; R76C7; R76C9; R76C11; R76C13; R76C19""}",time_log_morning.time_from/time_to,"{""time_from"": null, ""time_to"": null, ""description"": ""None""}","{""time_from"": null, ""time_to"": null}",RawDocument IR; no phantom review or operational row,null,"Raw row contains whitespace plus a formula-only duration, not a literal None activity. Empty normalization previously generated a phantom review; raw cells remain in IR.",Yes for correcting extraction/mapping; not for inventing absent measurements,Yes: implemented structural/unit fix,No,RESOLVED: formula/whitespace excluded; raw IR retained
36,VALID_REVIEW_REQUIRED,08-DDR OEOC-208 AZNS-207 2024-Oct-22.xlsx,"{""file"": ""/home/user/Drill-master/08-DDR OEOC-208 AZNS-207 2024-Oct-22.xlsx"", ""sheet"": ""DDR Data"", ""row"": 80, ""cells"": {""bop.name"": ""R80C2"", ""bop.type"": ""R80C3"", ""bop.working_pressure"": ""R80C5"", ""bop.size"": ""R80C6"", ""bop.rams"": ""R80C7"", ""bop.last_test"": ""R80C10""}, ""table"": ""bop_components"", ""cell"": ""row 80, column""}",bop_components.type/component_type,"{""name"": ""Drlg Spool"", ""working_pressure"": 3000.0, ""size"": ""20-3/4\"""", ""rams"": ""-"", ""last_test"": ""1403-07-30"", ""_source_row"": 80, ""_source_cells"": {""bop.name"": ""R80C2"", ""bop.type"": ""R80C3"", ""bop.working_pressure"": ""R80C5"", ""bop.size"": ""R80C6"", ""bop.rams"": ""R80C7"", ""bop.last_test"": ""R80C10""}, ""_source_sheet"": ""DDR Data"", ""_source_file"": ""/home/user/Drill-master/08-DDR OEOC-208 AZNS-207 2024-Oct-22.xlsx"", ""_source_location"": {""file"": ""/home/user/Drill-master/08-DDR OEOC-208 AZNS-207 2024-Oct-22.xlsx"", ""sheet"": ""DDR Data"", ""row"": 80, ""cells"": {""bop.name"": ""R80C2"", ""bop.type"": ""R80C3"", ""bop.working_pressure"": ""R80C5"", ""bop.size"": ""R80C6"", ""bop.rams"": ""R80C7"", ""bop.last_test"": ""R80C10""}, ""table"": ""bop_components""}}",null,AuditLog rejected BOP spool; five valid BOPComponent records persist,null,Drilling spool lacks manufacturer/type in source. Function/name must not be substituted for missing component type.,No: value/required disambiguation absent,"No: do not invent source measurements, roles or identities",Yes: verify/correct missing or ambiguous source for operational use,RETAINED
37,EXPECTED_MISSING_SOURCE,08-DDR OEOC-208 AZNS-207 2024-Oct-22.xlsx,"{""file"": ""/home/user/Drill-master/08-DDR OEOC-208 AZNS-207 2024-Oct-22.xlsx"", ""sheet"": ""Lookahead"", ""row"": 21, ""cells"": {""lookahead.day"": ""R21C1"", ""lookahead.activity"": ""R21C2"", ""lookahead.hours"": ""R21C10"", ""lookahead.date_start"": ""R21C12"", ""lookahead.date_end"": ""R21C13"", ""lookahead.remarks"": ""R21C14""}, ""table"": ""lookahead"", ""cell"": ""R21C1; R21C2; R21C10; R21C12; R21C13; R21C14""}",activity,"{""day"": ""2024-10-26"", ""hours"": 24.0, ""date_start"": ""2024-10-26"", ""date_end"": ""2024-10-27"", ""_source_row"": 21, ""_source_cells"": {""lookahead.day"": ""R21C1"", ""lookahead.activity"": ""R21C2"", ""lookahead.hours"": ""R21C10"", ""lookahead.date_start"": ""R21C12"", ""lookahead.date_end"": ""R21C13"", ""lookahead.remarks"": ""R21C14""}, ""_source_sheet"": ""Lookahead"", ""_source_file"": ""/home/user/Drill-master/08-DDR OEOC-208 AZNS-207 2024-Oct-22.xlsx"", ""_source_location"": {""file"": ""/home/user/Drill-master/08-DDR OEOC-208 AZNS-207 2024-Oct-22.xlsx"", ""sheet"": ""Lookahead"", ""row"": 21, ""cells"": {""lookahead.day"": ""R21C1"", ""lookahead.activity"": ""R21C2"", ""lookahead.hours"": ""R21C10"", ""lookahead.date_start"": ""R21C12"", ""lookahead.date_end"": ""R21C13"", ""lookahead.remarks"": ""R21C14""}, ""table"": ""lookahead""}}",null,AuditLog lookahead review; missing-activity row not persisted,null,Anchored source field is blank or a missing-value marker; no supported source value can be reconstructed.,No: value/required disambiguation absent,"No: do not invent source measurements, roles or identities",Only if operationally required; optional absence may be acknowledged,RETAINED
38,EXPECTED_MISSING_SOURCE,08-DDR OEOC-208 AZNS-207 2024-Oct-22.xlsx,"{""file"": ""/home/user/Drill-master/08-DDR OEOC-208 AZNS-207 2024-Oct-22.xlsx"", ""sheet"": ""Lookahead"", ""row"": 22, ""cells"": {""lookahead.day"": ""R22C1"", ""lookahead.activity"": ""R22C2"", ""lookahead.hours"": ""R22C10"", ""lookahead.date_start"": ""R22C12"", ""lookahead.date_end"": ""R22C13"", ""lookahead.remarks"": ""R22C14""}, ""table"": ""lookahead"", ""cell"": ""R22C1; R22C2; R22C10; R22C12; R22C13; R22C14""}",activity,"{""day"": ""2024-10-27"", ""hours"": 24.0, ""date_start"": ""2024-10-27"", ""date_end"": ""2024-10-28"", ""_source_row"": 22, ""_source_cells"": {""lookahead.day"": ""R22C1"", ""lookahead.activity"": ""R22C2"", ""lookahead.hours"": ""R22C10"", ""lookahead.date_start"": ""R22C12"", ""lookahead.date_end"": ""R22C13"", ""lookahead.remarks"": ""R22C14""}, ""_source_sheet"": ""Lookahead"", ""_source_file"": ""/home/user/Drill-master/08-DDR OEOC-208 AZNS-207 2024-Oct-22.xlsx"", ""_source_location"": {""file"": ""/home/user/Drill-master/08-DDR OEOC-208 AZNS-207 2024-Oct-22.xlsx"", ""sheet"": ""Lookahead"", ""row"": 22, ""cells"": {""lookahead.day"": ""R22C1"", ""lookahead.activity"": ""R22C2"", ""lookahead.hours"": ""R22C10"", ""lookahead.date_start"": ""R22C12"", ""lookahead.date_end"": ""R22C13"", ""lookahead.remarks"": ""R22C14""}, ""table"": ""lookahead""}}",null,AuditLog lookahead review; missing-activity row not persisted,null,Anchored source field is blank or a missing-value marker; no supported source value can be reconstructed.,No: value/required disambiguation absent,"No: do not invent source measurements, roles or identities",Only if operationally required; optional absence may be acknowledged,RETAINED
39,VALID_REVIEW_REQUIRED,08-DDR OEOC-208 AZNS-207 2024-Oct-22.xlsx,"{""file"": ""/home/user/Drill-master/08-DDR OEOC-208 AZNS-207 2024-Oct-22.xlsx"", ""sheet"": ""DDR Data"", ""row"": 58, ""cells"": {""survey.md"": ""R58C10"", ""survey.inc"": ""R58C11"", ""survey.azi"": ""R58C12"", ""survey.tvd"": ""R58C13"", ""survey.north"": ""R58C14"", ""survey.east"": ""R58C15"", ""survey.vs_hd"": ""R58C17"", ""survey.dls"": ""R58C19"", ""survey.tool"": ""R58C20""}, ""table"": ""surveys"", ""cell"": ""row 58, column""}",survey.azi,"{""md"": 50.0, ""inc"": 0.0, ""_source_row"": 58, ""_source_cells"": {""survey.md"": ""R58C10"", ""survey.inc"": ""R58C11"", ""survey.azi"": ""R58C12"", ""survey.tvd"": ""R58C13"", ""survey.north"": ""R58C14"", ""survey.east"": ""R58C15"", ""survey.vs_hd"": ""R58C17"", ""survey.dls"": ""R58C19"", ""survey.tool"": ""R58C20""}, ""_source_sheet"": ""DDR Data"", ""_source_file"": ""/home/user/Drill-master/08-DDR OEOC-208 AZNS-207 2024-Oct-22.xlsx"", ""_source_location"": {""file"": ""/home/user/Drill-master/08-DDR OEOC-208 AZNS-207 2024-Oct-22.xlsx"", ""sheet"": ""DDR Data"", ""row"": 58, ""cells"": {""survey.md"": ""R58C10"", ""survey.inc"": ""R58C11"", ""survey.azi"": ""R58C12"", ""survey.tvd"": ""R58C13"", ""survey.north"": ""R58C14"", ""survey.east"": ""R58C15"", ""survey.vs_hd"": ""R58C17"", ""survey.dls"": ""R58C19"", ""survey.tool"": ""R58C20""}, ""table"": ""surveys""}, ""well_id"": 2, ""report_id"": 1, ""section_id"": 1}",null,SurveyPoint.azi and derived fields,"{""md"": 50.0, ""inc"": 0.0, ""azi"": null, ""tvd"": null, ""north"": null, ""east"": null, ""dls"": null}",Azimuth is absent; retain MD/inclination and NULL azimuth; no complete trajectory station can be calculated.,No: value/required disambiguation absent,"No: do not invent source measurements, roles or identities",Yes: verify/correct missing or ambiguous source for operational use,RETAINED
40,VALID_REVIEW_REQUIRED,08-DDR OEOC-208 AZNS-207 2024-Oct-22.xlsx,"{""file"": ""/home/user/Drill-master/08-DDR OEOC-208 AZNS-207 2024-Oct-22.xlsx"", ""sheet"": ""DDR Data"", ""row"": 59, ""cells"": {""survey.md"": ""R59C10"", ""survey.inc"": ""R59C11"", ""survey.azi"": ""R59C12"", ""survey.tvd"": ""R59C13"", ""survey.north"": ""R59C14"", ""survey.east"": ""R59C15"", ""survey.vs_hd"": ""R59C17"", ""survey.dls"": ""R59C19"", ""survey.tool"": ""R59C20""}, ""table"": ""surveys"", ""cell"": ""row 59, column""}",survey.azi,"{""md"": 108.0, ""inc"": 0.25, ""_source_row"": 59, ""_source_cells"": {""survey.md"": ""R59C10"", ""survey.inc"": ""R59C11"", ""survey.azi"": ""R59C12"", ""survey.tvd"": ""R59C13"", ""survey.north"": ""R59C14"", ""survey.east"": ""R59C15"", ""survey.vs_hd"": ""R59C17"", ""survey.dls"": ""R59C19"", ""survey.tool"": ""R59C20""}, ""_source_sheet"": ""DDR Data"", ""_source_file"": ""/home/user/Drill-master/08-DDR OEOC-208 AZNS-207 2024-Oct-22.xlsx"", ""_source_location"": {""file"": ""/home/user/Drill-master/08-DDR OEOC-208 AZNS-207 2024-Oct-22.xlsx"", ""sheet"": ""DDR Data"", ""row"": 59, ""cells"": {""survey.md"": ""R59C10"", ""survey.inc"": ""R59C11"", ""survey.azi"": ""R59C12"", ""survey.tvd"": ""R59C13"", ""survey.north"": ""R59C14"", ""survey.east"": ""R59C15"", ""survey.vs_hd"": ""R59C17"", ""survey.dls"": ""R59C19"", ""survey.tool"": ""R59C20""}, ""table"": ""surveys""}, ""well_id"": 2, ""report_id"": 1, ""section_id"": 1}",null,SurveyPoint.azi and derived fields,"{""md"": 108.0, ""inc"": 0.25, ""azi"": null, ""tvd"": null, ""north"": null, ""east"": null, ""dls"": null}",Azimuth is absent; retain MD/inclination and NULL azimuth; no complete trajectory station can be calculated.,No: value/required disambiguation absent,"No: do not invent source measurements, roles or identities",Yes: verify/correct missing or ambiguous source for operational use,RETAINED
41,VALID_REVIEW_REQUIRED,08-DDR OEOC-208 AZNS-207 2024-Oct-22.xlsx,"{""file"": ""/home/user/Drill-master/08-DDR OEOC-208 AZNS-207 2024-Oct-22.xlsx"", ""sheet"": ""DDR Data"", ""row"": 60, ""cells"": {""survey.md"": ""R60C10"", ""survey.inc"": ""R60C11"", ""survey.azi"": ""R60C12"", ""survey.tvd"": ""R60C13"", ""survey.north"": ""R60C14"", ""survey.east"": ""R60C15"", ""survey.vs_hd"": ""R60C17"", ""survey.dls"": ""R60C19"", ""survey.tool"": ""R60C20""}, ""table"": ""surveys"", ""cell"": ""row 60, column""}",survey.azi,"{""md"": 146.0, ""inc"": 0.25, ""_source_row"": 60, ""_source_cells"": {""survey.md"": ""R60C10"", ""survey.inc"": ""R60C11"", ""survey.azi"": ""R60C12"", ""survey.tvd"": ""R60C13"", ""survey.north"": ""R60C14"", ""survey.east"": ""R60C15"", ""survey.vs_hd"": ""R60C17"", ""survey.dls"": ""R60C19"", ""survey.tool"": ""R60C20""}, ""_source_sheet"": ""DDR Data"", ""_source_file"": ""/home/user/Drill-master/08-DDR OEOC-208 AZNS-207 2024-Oct-22.xlsx"", ""_source_location"": {""file"": ""/home/user/Drill-master/08-DDR OEOC-208 AZNS-207 2024-Oct-22.xlsx"", ""sheet"": ""DDR Data"", ""row"": 60, ""cells"": {""survey.md"": ""R60C10"", ""survey.inc"": ""R60C11"", ""survey.azi"": ""R60C12"", ""survey.tvd"": ""R60C13"", ""survey.north"": ""R60C14"", ""survey.east"": ""R60C15"", ""survey.vs_hd"": ""R60C17"", ""survey.dls"": ""R60C19"", ""survey.tool"": ""R60C20""}, ""table"": ""surveys""}, ""well_id"": 2, ""report_id"": 1, ""section_id"": 1}",null,SurveyPoint.azi and derived fields,"{""md"": 146.0, ""inc"": 0.25, ""azi"": null, ""tvd"": null, ""north"": null, ""east"": null, ""dls"": null}",Azimuth is absent; retain MD/inclination and NULL azimuth; no complete trajectory station can be calculated.,No: value/required disambiguation absent,"No: do not invent source measurements, roles or identities",Yes: verify/correct missing or ambiguous source for operational use,RETAINED
42,VALID_REVIEW_REQUIRED,08-DDR OEOC-208 AZNS-207 2024-Oct-22.xlsx,"{""file"": ""/home/user/Drill-master/08-DDR OEOC-208 AZNS-207 2024-Oct-22.xlsx"", ""sheet"": ""DDR Data"", ""row"": 10, ""cells"": {""mud_chemical.product_type"": ""R10C14"", ""mud_chemical.used"": ""R10C16"", ""mud_chemical.received"": ""R10C17"", ""mud_chemical.on_hand"": ""R10C19"", ""mud_chemical.unit"": ""R10C20""}, ""table"": ""bulk_materials"", ""cell"": ""R10C14; R10C16; R10C17; R10C19; R10C20""}",mud_chemical.type,"""Limestone""",null,MudReport.chemicals_json[].type,"{""imported"": ""Limestone"", ""type"": null, ""source_stock"": null, ""imported_stock"": null, ""unit"": ""1MT/BB""}","Limestone may be weighting, bridging or a sized loss-control material; role/grade is not supplied.",No: value/required disambiguation absent,"No: do not invent source measurements, roles or identities",Yes: verify/correct missing or ambiguous source for operational use,RETAINED
43,VALID_REVIEW_REQUIRED,08-DDR OEOC-208 AZNS-207 2024-Oct-22.xlsx,"{""file"": ""/home/user/Drill-master/08-DDR OEOC-208 AZNS-207 2024-Oct-22.xlsx"", ""sheet"": ""DDR Data"", ""row"": 11, ""cells"": {""mud_chemical.product_type"": ""R11C14"", ""mud_chemical.used"": ""R11C16"", ""mud_chemical.received"": ""R11C17"", ""mud_chemical.on_hand"": ""R11C19"", ""mud_chemical.unit"": ""R11C20""}, ""table"": ""bulk_materials"", ""cell"": ""R11C14; R11C16; R11C17; R11C19; R11C20""}",mud_chemical.type,"""Salt""",null,MudReport.chemicals_json[].type,"{""imported"": ""Salt"", ""type"": null, ""source_stock"": 81.0, ""imported_stock"": 81.0, ""unit"": ""1 MT/BB""}",Salt inventory alone does not establish fluid formulation or a Shale Inhibitor catalogue identity.,No: value/required disambiguation absent,"No: do not invent source measurements, roles or identities",Yes: verify/correct missing or ambiguous source for operational use,RETAINED
44,UNSUPPORTED_SOURCE_FEATURE,08-DDR OEOC-208 AZNS-207 2024-Oct-22.xlsx,"{""file"": ""/home/user/Drill-master/08-DDR OEOC-208 AZNS-207 2024-Oct-22.xlsx"", ""sheet"": ""DDR Data"", ""row"": 17, ""cells"": {""mud_chemical.product_type"": ""R17C14"", ""mud_chemical.used"": ""R17C16"", ""mud_chemical.received"": ""R17C17"", ""mud_chemical.on_hand"": ""R17C19"", ""mud_chemical.unit"": ""R17C20""}, ""table"": ""bulk_materials"", ""cell"": ""R17C14; R17C16; R17C17; R17C19; R17C20""}",mud_chemical.type,"""Nut Plug (C)""",null,MudReport.chemicals_json[].type,"{""imported"": ""Nut Plug (C)"", ""type"": null, ""source_stock"": 40.0, ""imported_stock"": 40.0, ""unit"": ""25 KG/SX""}",Coarse Nut Plug is a loss-control product; existing six-role catalogue has no loss-control category.,Identity/grade retained; current catalogue does not support the described role,"No: do not invent source measurements, roles or identities",Supported CRS/product taxonomy or documented vendor specification is required; no arbitrary choice among current options,RETAINED
45,UNSUPPORTED_SOURCE_FEATURE,08-DDR OEOC-208 AZNS-207 2024-Oct-22.xlsx,"{""file"": ""/home/user/Drill-master/08-DDR OEOC-208 AZNS-207 2024-Oct-22.xlsx"", ""sheet"": ""DDR Data"", ""row"": 18, ""cells"": {""mud_chemical.product_type"": ""R18C14"", ""mud_chemical.used"": ""R18C16"", ""mud_chemical.received"": ""R18C17"", ""mud_chemical.on_hand"": ""R18C19"", ""mud_chemical.unit"": ""R18C20""}, ""table"": ""bulk_materials"", ""cell"": ""R18C14; R18C16; R18C17; R18C19; R18C20""}",mud_chemical.type,"""Nut Plug (M)""",null,MudReport.chemicals_json[].type,"{""imported"": ""Nut Plug (M)"", ""type"": null, ""source_stock"": null, ""imported_stock"": null, ""unit"": ""25 KG/SX""}",Medium Nut Plug is a loss-control product; existing catalogue has no loss-control category.,Identity/grade retained; current catalogue does not support the described role,"No: do not invent source measurements, roles or identities",Supported CRS/product taxonomy or documented vendor specification is required; no arbitrary choice among current options,RETAINED
46,UNSUPPORTED_SOURCE_FEATURE,08-DDR OEOC-208 AZNS-207 2024-Oct-22.xlsx,"{""file"": ""/home/user/Drill-master/08-DDR OEOC-208 AZNS-207 2024-Oct-22.xlsx"", ""sheet"": ""DDR Data"", ""row"": 19, ""cells"": {""mud_chemical.product_type"": ""R19C14"", ""mud_chemical.used"": ""R19C16"", ""mud_chemical.received"": ""R19C17"", ""mud_chemical.on_hand"": ""R19C19"", ""mud_chemical.unit"": ""R19C20""}, ""table"": ""bulk_materials"", ""cell"": ""R19C14; R19C16; R19C17; R19C19; R19C20""}",mud_chemical.type,"""Nut Plug (F)""",null,MudReport.chemicals_json[].type,"{""imported"": ""Nut Plug (F)"", ""type"": null, ""source_stock"": null, ""imported_stock"": null, ""unit"": ""25 KG/SX""}",Fine Nut Plug is a loss-control product; existing catalogue has no loss-control category.,Identity/grade retained; current catalogue does not support the described role,"No: do not invent source measurements, roles or identities",Supported CRS/product taxonomy or documented vendor specification is required; no arbitrary choice among current options,RETAINED
47,UNSUPPORTED_SOURCE_FEATURE,08-DDR OEOC-208 AZNS-207 2024-Oct-22.xlsx,"{""file"": ""/home/user/Drill-master/08-DDR OEOC-208 AZNS-207 2024-Oct-22.xlsx"", ""sheet"": ""DDR Data"", ""row"": 20, ""cells"": {""mud_chemical.product_type"": ""R20C14"", ""mud_chemical.used"": ""R20C16"", ""mud_chemical.received"": ""R20C17"", ""mud_chemical.on_hand"": ""R20C19"", ""mud_chemical.unit"": ""R20C20""}, ""table"": ""bulk_materials"", ""cell"": ""R20C14; R20C16; R20C17; R20C19; R20C20""}",mud_chemical.type,"""Oyster Shell (C)""",null,MudReport.chemicals_json[].type,"{""imported"": ""Oyster Shell (C)"", ""type"": null, ""source_stock"": null, ""imported_stock"": null, ""unit"": ""25 KG/SX""}","Coarse oyster shell is a sized bridging/loss-control material, unsupported by current catalogue.",Identity/grade retained; current catalogue does not support the described role,"No: do not invent source measurements, roles or identities",Supported CRS/product taxonomy or documented vendor specification is required; no arbitrary choice among current options,RETAINED
48,UNSUPPORTED_SOURCE_FEATURE,08-DDR OEOC-208 AZNS-207 2024-Oct-22.xlsx,"{""file"": ""/home/user/Drill-master/08-DDR OEOC-208 AZNS-207 2024-Oct-22.xlsx"", ""sheet"": ""DDR Data"", ""row"": 21, ""cells"": {""mud_chemical.product_type"": ""R21C14"", ""mud_chemical.used"": ""R21C16"", ""mud_chemical.received"": ""R21C17"", ""mud_chemical.on_hand"": ""R21C19"", ""mud_chemical.unit"": ""R21C20""}, ""table"": ""bulk_materials"", ""cell"": ""R21C14; R21C16; R21C17; R21C19; R21C20""}",mud_chemical.type,"""Oyster Shell (M)""",null,MudReport.chemicals_json[].type,"{""imported"": ""Oyster Shell (M)"", ""type"": null, ""source_stock"": null, ""imported_stock"": null, ""unit"": ""25 KG/SX""}","Medium oyster shell is a sized bridging/loss-control material, unsupported by current catalogue.",Identity/grade retained; current catalogue does not support the described role,"No: do not invent source measurements, roles or identities",Supported CRS/product taxonomy or documented vendor specification is required; no arbitrary choice among current options,RETAINED
49,UNSUPPORTED_SOURCE_FEATURE,08-DDR OEOC-208 AZNS-207 2024-Oct-22.xlsx,"{""file"": ""/home/user/Drill-master/08-DDR OEOC-208 AZNS-207 2024-Oct-22.xlsx"", ""sheet"": ""DDR Data"", ""row"": 22, ""cells"": {""mud_chemical.product_type"": ""R22C14"", ""mud_chemical.used"": ""R22C16"", ""mud_chemical.received"": ""R22C17"", ""mud_chemical.on_hand"": ""R22C19"", ""mud_chemical.unit"": ""R22C20""}, ""table"": ""bulk_materials"", ""cell"": ""R22C14; R22C16; R22C17; R22C19; R22C20""}",mud_chemical.type,"""Oyster Shell (F)""",null,MudReport.chemicals_json[].type,"{""imported"": ""Oyster Shell (F)"", ""type"": null, ""source_stock"": null, ""imported_stock"": null, ""unit"": ""25 KG/SX""}","Fine oyster shell is a sized bridging/loss-control material, unsupported by current catalogue.",Identity/grade retained; current catalogue does not support the described role,"No: do not invent source measurements, roles or identities",Supported CRS/product taxonomy or documented vendor specification is required; no arbitrary choice among current options,RETAINED
50,UNSUPPORTED_SOURCE_FEATURE,08-DDR OEOC-208 AZNS-207 2024-Oct-22.xlsx,"{""file"": ""/home/user/Drill-master/08-DDR OEOC-208 AZNS-207 2024-Oct-22.xlsx"", ""sheet"": ""DDR Data"", ""row"": 23, ""cells"": {""mud_chemical.product_type"": ""R23C14"", ""mud_chemical.used"": ""R23C16"", ""mud_chemical.received"": ""R23C17"", ""mud_chemical.on_hand"": ""R23C19"", ""mud_chemical.unit"": ""R23C20""}, ""table"": ""bulk_materials"", ""cell"": ""R23C14; R23C16; R23C17; R23C19; R23C20""}",mud_chemical.type,"""Limestone chips(M)""",null,MudReport.chemicals_json[].type,"{""imported"": ""Limestone chips(M)"", ""type"": null, ""source_stock"": null, ""imported_stock"": null, ""unit"": ""25 KG/SX""}","Medium limestone chips are sized bridging/loss-control material, not proof of Weight Material role.",Identity/grade retained; current catalogue does not support the described role,"No: do not invent source measurements, roles or identities",Supported CRS/product taxonomy or documented vendor specification is required; no arbitrary choice among current options,RETAINED
51,UNSUPPORTED_SOURCE_FEATURE,08-DDR OEOC-208 AZNS-207 2024-Oct-22.xlsx,"{""file"": ""/home/user/Drill-master/08-DDR OEOC-208 AZNS-207 2024-Oct-22.xlsx"", ""sheet"": ""DDR Data"", ""row"": 24, ""cells"": {""mud_chemical.product_type"": ""R24C14"", ""mud_chemical.used"": ""R24C16"", ""mud_chemical.received"": ""R24C17"", ""mud_chemical.on_hand"": ""R24C19"", ""mud_chemical.unit"": ""R24C20""}, ""table"": ""bulk_materials"", ""cell"": ""R24C14; R24C16; R24C17; R24C19; R24C20""}",mud_chemical.type,"""Limestone chips(C)""",null,MudReport.chemicals_json[].type,"{""imported"": ""Limestone chips(C)"", ""type"": null, ""source_stock"": null, ""imported_stock"": null, ""unit"": ""25 KG/SX""}","Coarse limestone chips are sized bridging/loss-control material, not proof of Weight Material role.",Identity/grade retained; current catalogue does not support the described role,"No: do not invent source measurements, roles or identities",Supported CRS/product taxonomy or documented vendor specification is required; no arbitrary choice among current options,RETAINED
52,UNSUPPORTED_SOURCE_FEATURE,08-DDR OEOC-208 AZNS-207 2024-Oct-22.xlsx,"{""file"": ""/home/user/Drill-master/08-DDR OEOC-208 AZNS-207 2024-Oct-22.xlsx"", ""sheet"": ""DDR Data"", ""row"": 25, ""cells"": {""mud_chemical.product_type"": ""R25C14"", ""mud_chemical.used"": ""R25C16"", ""mud_chemical.received"": ""R25C17"", ""mud_chemical.on_hand"": ""R25C19"", ""mud_chemical.unit"": ""R25C20""}, ""table"": ""bulk_materials"", ""cell"": ""R25C14; R25C16; R25C17; R25C19; R25C20""}",mud_chemical.type,"""Limestone chips(F)""",null,MudReport.chemicals_json[].type,"{""imported"": ""Limestone chips(F)"", ""type"": null, ""source_stock"": null, ""imported_stock"": null, ""unit"": ""25 KG/SX""}","Fine limestone chips are sized bridging/loss-control material, not proof of Weight Material role.",Identity/grade retained; current catalogue does not support the described role,"No: do not invent source measurements, roles or identities",Supported CRS/product taxonomy or documented vendor specification is required; no arbitrary choice among current options,RETAINED
53,UNSUPPORTED_SOURCE_FEATURE,08-DDR OEOC-208 AZNS-207 2024-Oct-22.xlsx,"{""file"": ""/home/user/Drill-master/08-DDR OEOC-208 AZNS-207 2024-Oct-22.xlsx"", ""sheet"": ""DDR Data"", ""row"": 26, ""cells"": {""mud_chemical.product_type"": ""R26C14"", ""mud_chemical.used"": ""R26C16"", ""mud_chemical.received"": ""R26C17"", ""mud_chemical.on_hand"": ""R26C19"", ""mud_chemical.unit"": ""R26C20""}, ""table"": ""bulk_materials"", ""cell"": ""R26C14; R26C16; R26C17; R26C19; R26C20""}",mud_chemical.type,"""Mica (F)""",null,MudReport.chemicals_json[].type,"{""imported"": ""Mica (F)"", ""type"": null, ""source_stock"": null, ""imported_stock"": null, ""unit"": ""25 KG/SX""}",Fine mica is a flaky loss-control product; current catalogue lacks that role.,Identity/grade retained; current catalogue does not support the described role,"No: do not invent source measurements, roles or identities",Supported CRS/product taxonomy or documented vendor specification is required; no arbitrary choice among current options,RETAINED
54,UNSUPPORTED_SOURCE_FEATURE,08-DDR OEOC-208 AZNS-207 2024-Oct-22.xlsx,"{""file"": ""/home/user/Drill-master/08-DDR OEOC-208 AZNS-207 2024-Oct-22.xlsx"", ""sheet"": ""DDR Data"", ""row"": 27, ""cells"": {""mud_chemical.product_type"": ""R27C14"", ""mud_chemical.used"": ""R27C16"", ""mud_chemical.received"": ""R27C17"", ""mud_chemical.on_hand"": ""R27C19"", ""mud_chemical.unit"": ""R27C20""}, ""table"": ""bulk_materials"", ""cell"": ""R27C14; R27C16; R27C17; R27C19; R27C20""}",mud_chemical.type,"""Mica (M)""",null,MudReport.chemicals_json[].type,"{""imported"": ""Mica (M)"", ""type"": null, ""source_stock"": null, ""imported_stock"": null, ""unit"": ""25 KG/SX""}",Medium mica is a flaky loss-control product; current catalogue lacks that role.,Identity/grade retained; current catalogue does not support the described role,"No: do not invent source measurements, roles or identities",Supported CRS/product taxonomy or documented vendor specification is required; no arbitrary choice among current options,RETAINED
55,UNSUPPORTED_SOURCE_FEATURE,08-DDR OEOC-208 AZNS-207 2024-Oct-22.xlsx,"{""file"": ""/home/user/Drill-master/08-DDR OEOC-208 AZNS-207 2024-Oct-22.xlsx"", ""sheet"": ""DDR Data"", ""row"": 28, ""cells"": {""mud_chemical.product_type"": ""R28C14"", ""mud_chemical.used"": ""R28C16"", ""mud_chemical.received"": ""R28C17"", ""mud_chemical.on_hand"": ""R28C19"", ""mud_chemical.unit"": ""R28C20""}, ""table"": ""bulk_materials"", ""cell"": ""R28C14; R28C16; R28C17; R28C19; R28C20""}",mud_chemical.type,"""Mica (C)""",null,MudReport.chemicals_json[].type,"{""imported"": ""Mica (C)"", ""type"": null, ""source_stock"": 80.0, ""imported_stock"": 80.0, ""unit"": ""25 KG/SX""}",Coarse mica is a flaky loss-control product; current catalogue lacks that role.,Identity/grade retained; current catalogue does not support the described role,"No: do not invent source measurements, roles or identities",Supported CRS/product taxonomy or documented vendor specification is required; no arbitrary choice among current options,RETAINED
56,UNSUPPORTED_SOURCE_FEATURE,08-DDR OEOC-208 AZNS-207 2024-Oct-22.xlsx,"{""file"": ""/home/user/Drill-master/08-DDR OEOC-208 AZNS-207 2024-Oct-22.xlsx"", ""sheet"": ""DDR Data"", ""row"": 30, ""cells"": {""mud_chemical.product_type"": ""R30C14"", ""mud_chemical.used"": ""R30C16"", ""mud_chemical.received"": ""R30C17"", ""mud_chemical.on_hand"": ""R30C19"", ""mud_chemical.unit"": ""R30C20""}, ""table"": ""bulk_materials"", ""cell"": ""R30C14; R30C16; R30C17; R30C19; R30C20""}",mud_chemical.type,"""Anti-Foam""",null,MudReport.chemicals_json[].type,"{""imported"": ""Anti-Foam"", ""type"": null, ""source_stock"": null, ""imported_stock"": null, ""unit"": ""55 GAL/DM""}",Anti-Foam explicitly describes defoaming; no defoamer category exists in the authoritative catalogue.,Identity/grade retained; current catalogue does not support the described role,"No: do not invent source measurements, roles or identities",Supported CRS/product taxonomy or documented vendor specification is required; no arbitrary choice among current options,RETAINED
57,UNSUPPORTED_SOURCE_FEATURE,08-DDR OEOC-208 AZNS-207 2024-Oct-22.xlsx,"{""file"": ""/home/user/Drill-master/08-DDR OEOC-208 AZNS-207 2024-Oct-22.xlsx"", ""sheet"": ""DDR Data"", ""row"": 31, ""cells"": {""mud_chemical.product_type"": ""R31C14"", ""mud_chemical.used"": ""R31C16"", ""mud_chemical.received"": ""R31C17"", ""mud_chemical.on_hand"": ""R31C19"", ""mud_chemical.unit"": ""R31C20""}, ""table"": ""bulk_materials"", ""cell"": ""R31C14; R31C16; R31C17; R31C19; R31C20""}",mud_chemical.type,"""H2S Scavenger""",null,MudReport.chemicals_json[].type,"{""imported"": ""H2S Scavenger"", ""type"": null, ""source_stock"": null, ""imported_stock"": null, ""unit"": ""55 GAL/DM""}",H2S Scavenger describes sulfide scavenging; no scavenger category exists.,Identity/grade retained; current catalogue does not support the described role,"No: do not invent source measurements, roles or identities",Supported CRS/product taxonomy or documented vendor specification is required; no arbitrary choice among current options,RETAINED
58,UNSUPPORTED_SOURCE_FEATURE,08-DDR OEOC-208 AZNS-207 2024-Oct-22.xlsx,"{""file"": ""/home/user/Drill-master/08-DDR OEOC-208 AZNS-207 2024-Oct-22.xlsx"", ""sheet"": ""DDR Data"", ""row"": 32, ""cells"": {""mud_chemical.product_type"": ""R32C14"", ""mud_chemical.used"": ""R32C16"", ""mud_chemical.received"": ""R32C17"", ""mud_chemical.on_hand"": ""R32C19"", ""mud_chemical.unit"": ""R32C20""}, ""table"": ""bulk_materials"", ""cell"": ""R32C14; R32C16; R32C17; R32C19; R32C20""}",mud_chemical.type,"""Citric Acid""",null,MudReport.chemicals_json[].type,"{""imported"": ""Citric Acid"", ""type"": null, ""source_stock"": null, ""imported_stock"": null, ""unit"": ""25 KG/SX""}",Citric acid must not be labeled Alkalinity (alkali additives); acidification/chelating use is unsupported and formulation dependent.,Identity/grade retained; current catalogue does not support the described role,"No: do not invent source measurements, roles or identities",Supported CRS/product taxonomy or documented vendor specification is required; no arbitrary choice among current options,RETAINED
59,UNSUPPORTED_SOURCE_FEATURE,08-DDR OEOC-208 AZNS-207 2024-Oct-22.xlsx,"{""file"": ""/home/user/Drill-master/08-DDR OEOC-208 AZNS-207 2024-Oct-22.xlsx"", ""sheet"": ""DDR Data"", ""row"": 33, ""cells"": {""mud_chemical.product_type"": ""R33C14"", ""mud_chemical.used"": ""R33C16"", ""mud_chemical.received"": ""R33C17"", ""mud_chemical.on_hand"": ""R33C19"", ""mud_chemical.unit"": ""R33C20""}, ""table"": ""bulk_materials"", ""cell"": ""R33C14; R33C16; R33C17; R33C19; R33C20""}",mud_chemical.type,"""Biocide""",null,MudReport.chemicals_json[].type,"{""imported"": ""Biocide"", ""type"": null, ""source_stock"": null, ""imported_stock"": null, ""unit"": ""55 GAL/DM""}",Biocide describes microbial control; no biocide category exists.,Identity/grade retained; current catalogue does not support the described role,"No: do not invent source measurements, roles or identities",Supported CRS/product taxonomy or documented vendor specification is required; no arbitrary choice among current options,RETAINED
60,UNSUPPORTED_SOURCE_FEATURE,08-DDR OEOC-208 AZNS-207 2024-Oct-22.xlsx,"{""file"": ""/home/user/Drill-master/08-DDR OEOC-208 AZNS-207 2024-Oct-22.xlsx"", ""sheet"": ""DDR Data"", ""row"": 35, ""cells"": {""mud_chemical.product_type"": ""R35C14"", ""mud_chemical.used"": ""R35C16"", ""mud_chemical.received"": ""R35C17"", ""mud_chemical.on_hand"": ""R35C19"", ""mud_chemical.unit"": ""R35C20""}, ""table"": ""bulk_materials"", ""cell"": ""R35C14; R35C16; R35C17; R35C19; R35C20""}",mud_chemical.type,"""Corrosion Inhibitor""",null,MudReport.chemicals_json[].type,"{""imported"": ""Corrosion Inhibitor"", ""type"": null, ""source_stock"": null, ""imported_stock"": null, ""unit"": ""55 GAL/DM""}",Corrosion Inhibitor is not Shale Inhibitor; corrosion-control category is absent.,Identity/grade retained; current catalogue does not support the described role,"No: do not invent source measurements, roles or identities",Supported CRS/product taxonomy or documented vendor specification is required; no arbitrary choice among current options,RETAINED
61,UNSUPPORTED_SOURCE_FEATURE,08-DDR OEOC-208 AZNS-207 2024-Oct-22.xlsx,"{""file"": ""/home/user/Drill-master/08-DDR OEOC-208 AZNS-207 2024-Oct-22.xlsx"", ""sheet"": ""DDR Data"", ""row"": 36, ""cells"": {""mud_chemical.product_type"": ""R36C14"", ""mud_chemical.used"": ""R36C16"", ""mud_chemical.received"": ""R36C17"", ""mud_chemical.on_hand"": ""R36C19"", ""mud_chemical.unit"": ""R36C20""}, ""table"": ""bulk_materials"", ""cell"": ""R36C14; R36C16; R36C17; R36C19; R36C20""}",mud_chemical.type,"""Oxygen Scavenger""",null,MudReport.chemicals_json[].type,"{""imported"": ""Oxygen Scavenger"", ""type"": null, ""source_stock"": null, ""imported_stock"": null, ""unit"": ""55 GAL/DM""}",Oxygen Scavenger is not Shale Inhibitor; scavenger category is absent.,Identity/grade retained; current catalogue does not support the described role,"No: do not invent source measurements, roles or identities",Supported CRS/product taxonomy or documented vendor specification is required; no arbitrary choice among current options,RETAINED
62,VALID_REVIEW_REQUIRED,08-DDR OEOC-208 AZNS-207 2024-Oct-22.xlsx,"{""file"": ""/home/user/Drill-master/08-DDR OEOC-208 AZNS-207 2024-Oct-22.xlsx"", ""sheet"": ""DDR Data"", ""row"": 37, ""cells"": {""mud_chemical.product_type"": ""R37C14"", ""mud_chemical.used"": ""R37C16"", ""mud_chemical.received"": ""R37C17"", ""mud_chemical.on_hand"": ""R37C19"", ""mud_chemical.unit"": ""R37C20""}, ""table"": ""bulk_materials"", ""cell"": ""R37C14; R37C16; R37C17; R37C19; R37C20""}",mud_chemical.type,"""Pipe Lax""",null,MudReport.chemicals_json[].type,"{""imported"": ""Pipe Lax"", ""type"": null, ""source_stock"": null, ""imported_stock"": null, ""unit"": ""55 GAL/DM""}",Pipe Lax trade name has no authoritative alias; spotting-fluid versus lubricant purpose needs supplier/formulation confirmation.,No: value/required disambiguation absent,"No: do not invent source measurements, roles or identities",Yes: verify/correct missing or ambiguous source for operational use,RETAINED
63,UNSUPPORTED_SOURCE_FEATURE,08-DDR OEOC-208 AZNS-207 2024-Oct-22.xlsx,"{""file"": ""/home/user/Drill-master/08-DDR OEOC-208 AZNS-207 2024-Oct-22.xlsx"", ""sheet"": ""DDR Data"", ""row"": 39, ""cells"": {""mud_chemical.product_type"": ""R39C14"", ""mud_chemical.used"": ""R39C16"", ""mud_chemical.received"": ""R39C17"", ""mud_chemical.on_hand"": ""R39C19"", ""mud_chemical.unit"": ""R39C20""}, ""table"": ""bulk_materials"", ""cell"": ""R39C14; R39C16; R39C17; R39C19; R39C20""}",mud_chemical.type,"""Drilling Detergent""",null,MudReport.chemicals_json[].type,"{""imported"": ""Drilling Detergent"", ""type"": null, ""source_stock"": null, ""imported_stock"": null, ""unit"": ""55 GAL/DM""}","Drilling Detergent describes surfactant/detergent function, which has no catalogue category.",Identity/grade retained; current catalogue does not support the described role,"No: do not invent source measurements, roles or identities",Supported CRS/product taxonomy or documented vendor specification is required; no arbitrary choice among current options,RETAINED
64,VALID_REVIEW_REQUIRED,08-DDR OEOC-208 AZNS-207 2024-Oct-22.xlsx,"{""file"": ""/home/user/Drill-master/08-DDR OEOC-208 AZNS-207 2024-Oct-22.xlsx"", ""sheet"": ""DDR Data"", ""row"": 40, ""cells"": {""mud_chemical.product_type"": ""R40C14"", ""mud_chemical.used"": ""R40C16"", ""mud_chemical.received"": ""R40C17"", ""mud_chemical.on_hand"": ""R40C19"", ""mud_chemical.unit"": ""R40C20""}, ""table"": ""bulk_materials"", ""cell"": ""R40C14; R40C16; R40C17; R40C19; R40C20""}",mud_chemical.type,"""Glass Bead (M)""",null,MudReport.chemicals_json[].type,"{""imported"": ""Glass Bead (M)"", ""type"": null, ""source_stock"": null, ""imported_stock"": null, ""unit"": ""25 KG/SX""}",Glass Bead grade M does not distinguish friction-reduction from bridging use; no authoritative alias.,No: value/required disambiguation absent,"No: do not invent source measurements, roles or identities",Yes: verify/correct missing or ambiguous source for operational use,RETAINED
65,VALID_REVIEW_REQUIRED,08-DDR OEOC-208 AZNS-207 2024-Oct-22.xlsx,"{""file"": ""/home/user/Drill-master/08-DDR OEOC-208 AZNS-207 2024-Oct-22.xlsx"", ""sheet"": ""DDR Data"", ""row"": 41, ""cells"": {""mud_chemical.product_type"": ""R41C14"", ""mud_chemical.used"": ""R41C16"", ""mud_chemical.received"": ""R41C17"", ""mud_chemical.on_hand"": ""R41C19"", ""mud_chemical.unit"": ""R41C20""}, ""table"": ""bulk_materials"", ""cell"": ""R41C14; R41C16; R41C17; R41C19; R41C20""}",mud_chemical.type,"""Kwick Seal (M)""",null,MudReport.chemicals_json[].type,"{""imported"": ""Kwick Seal (M)"", ""type"": null, ""source_stock"": 80.0, ""imported_stock"": 80.0, ""unit"": ""25 KG/SX""}",Kwick Seal grade M is a trade name without an authoritative alias; supplier/product-role confirmation is needed before classification.,No: value/required disambiguation absent,"No: do not invent source measurements, roles or identities",Yes: verify/correct missing or ambiguous source for operational use,RETAINED
